categoryGroup;category
Multimedia;Smartphone
Multimedia;Smartphone
Multimedia;Smartphone
Multimedia;Smartphone
Multimedia;Smartphone
Multimedia;TV
Multimedia;TV
Multimedia;TV
Multimedia;TV
Multimedia;TV
Multimedia;Monitor
Multimedia;Monitor
Multimedia;Monitor
Multimedia;Monitor
Multimedia;Monitor
Multimedia;Tablet
Multimedia;Tablet
Multimedia;Tablet
Multimedia;Tablet
Multimedia;Tablet
Multimedia;Smart Speaker
Multimedia;Smart Speaker
Multimedia;Smart Speaker
Multimedia;Smart Speaker
Multimedia;Smart Speaker
Multimedia;Smartwatch
Multimedia;Smartwatch
Multimedia;Smartwatch
Multimedia;Smartwatch
Multimedia;Smartwatch
Multimedia;Gaming Mouse
Multimedia;Gaming Mouse
Multimedia;Gaming Mouse
Multimedia;Gaming Mouse
Multimedia;Gaming Mouse
Multimedia;Mouse
Multimedia;Mouse
Multimedia;Mouse
Multimedia;Mouse
Multimedia;Mouse
Multimedia;Gaming Keyboard
Multimedia;Gaming Keyboard
Multimedia;Gaming Keyboard
Multimedia;Gaming Keyboard
Multimedia;Gaming Keyboard
Multimedia;Wireless Headset
Multimedia;Wireless Headset
Multimedia;Wireless Headset
Multimedia;Wireless Headset
Multimedia;Wireless Headset
Multimedia;Home Security Camera
Multimedia;Home Security Camera
Multimedia;Home Security Camera
Multimedia;Home Security Camera
Multimedia;Home Security Camera
